{
  "gen_losses": [
    6.300070920943195,
    4.0463717888053665,
    3.504284012648794,
    3.2160260069828768,
    3.1118740959045215,
    2.9611207518057947,
    2.8883516610178175,
    2.8738772263511634,
    2.959131590130492,
    2.959710567043378,
    3.029709672698608,
    2.9813019865725794,
    2.940364392649414,
    2.9482497830803576,
    3.025072877096315,
    2.983540072909787,
    3.0332367612510667,
    3.042399809210219,
    3.0807730703909173,
    3.0143466800308,
    3.116137043533162,
    3.107320702738232,
    3.1631491102723994,
    3.0971045248910913,
    3.1306253290361066,
    3.1304515632044554,
    3.1868340467166507,
    3.158479037447872,
    3.1686408547127347,
    3.2396606021027408,
    3.289455398149056,
    3.2189924165767687,
    3.277262675934113,
    3.3142284066376524,
    3.2723624407250083,
    3.3168063409881205,
    3.3314508468581314,
    3.286533088256151,
    3.2922588891835294,
    3.37080950404589,
    3.396886540322095,
    3.3863919832401423,
    3.265873028884809,
    3.4574869459128785,
    3.395425573214252,
    3.465594368007703,
    3.5598591308181105,
    3.517232601984571,
    3.384080566993206,
    3.4674835802258874
  ],
  "disc_losses": [
    0.7961284635333806,
    0.7143248197359916,
    0.6640902089639606,
    0.654054685535594,
    0.6492523702546062,
    0.638570330463923,
    0.6562533130248388,
    0.6287625308793324,
    0.6079218632772437,
    0.5797880961535833,
    0.5736596205423021,
    0.5480143260369953,
    0.578944400143929,
    0.5274368078153358,
    0.5341826366881529,
    0.5212594020124685,
    0.49769975420119417,
    0.4867623507594451,
    0.4884833309512872,
    0.4906360330298925,
    0.42952151634754276,
    0.44571288187916464,
    0.44818966393160004,
    0.44146723271562505,
    0.45671779843859184,
    0.3961034362546654,
    0.42185110656114727,
    0.41140535750832313,
    0.4386363936922489,
    0.3682272336326348,
    0.4152203960200915,
    0.3940132736809488,
    0.3704249913302752,
    0.3336960997623511,
    0.41345447761953896,
    0.37389119687434447,
    0.3134997642447806,
    0.45226587808858126,
    0.3199369698030572,
    0.33139569625958926,
    0.38771602732694554,
    0.297480655547518,
    0.40533312631404805,
    0.27591157640911573,
    0.3571854789669697,
    0.31108093696335953,
    0.3288165445670358,
    0.300579936347074,
    0.34983986323205835,
    0.34829770848473424
  ],
  "epochs": 50,
  "batch_size": 64,
  "spectral_norm": true
}